feature,estimate,p,q
Prot_0001,-0.12053360444800254,0.6044007092288198,0.952921744353336
Prot_0002,-0.12382296870354362,0.5438407697701733,0.952921744353336
Prot_0003,-0.14470099200150466,0.4766472469233328,0.952921744353336
Prot_0004,0.0011978013688745165,0.9946879330360254,0.9977913865620391
Prot_0005,-0.03900127142235718,0.847223933819509,0.9828708778960596
Prot_0006,0.09003496233179634,0.6549554786169195,0.952921744353336
Prot_0007,0.03898440796188493,0.8319735784621778,0.9828708778960596
Prot_0008,0.04691698731586618,0.8054479551493182,0.9828708778960596
Prot_0009,-0.20213955386123195,0.2553668921748313,0.854185736699996
Prot_0010,-0.15219067400964972,0.4059611914391662,0.952921744353336
Prot_0011,-0.036876596695287193,0.8544675153478605,0.9828708778960596
Prot_0012,0.1410008966475887,0.4321975385117577,0.952921744353336
Prot_0013,-0.10106411214245233,0.6355611777164778,0.952921744353336
Prot_0014,0.15662054735965225,0.4143601738079722,0.952921744353336
Prot_0015,0.299608292515019,0.1259247622242555,0.7365186781113982
Prot_0016,0.07870846861408105,0.6645438215274129,0.952921744353336
Prot_0017,0.20150459890377911,0.3776371145021381,0.9521919003895115
Prot_0018,0.037019730936679825,0.8410114724229101,0.9828708778960596
Prot_0019,0.11561991606067146,0.5471814586118775,0.952921744353336
Prot_0020,0.09539195493559649,0.6563418988401128,0.952921744353336
Prot_0021,0.2305820374402257,0.25131573576998967,0.854185736699996
Prot_0022,0.13401376190630243,0.47624009543336765,0.952921744353336
Prot_0023,0.2711403337507743,0.1563655155972037,0.7562184384951435
Prot_0024,0.08177485096588974,0.6845503879953014,0.9548228080985511
Prot_0025,0.07572106392890664,0.6581051727032207,0.952921744353336
Prot_0026,-0.08288184534454525,0.6700555963660678,0.952921744353336
Prot_0027,0.04314777785215799,0.8242497137054383,0.9828708778960596
Prot_0028,0.06810545078537422,0.7224902837882228,0.9667579710504873
Prot_0029,0.1986956632757199,0.32602983452639955,0.9315138129325702
Prot_0030,0.06812068004422787,0.7047998052870363,0.961527701619422
Prot_0031,0.17930346916621928,0.35644841930435134,0.9428041766419935
Prot_0032,0.11615157414338365,0.5434967327569973,0.952921744353336
Prot_0033,-0.08244516321393268,0.6804732956112369,0.954380498753488
Prot_0034,0.09892310856655988,0.5492699503655268,0.952921744353336
Prot_0035,0.15667094616112826,0.44805685986841126,0.952921744353336
Prot_0036,0.003810063952570327,0.9833088519534725,0.9904543015001772
Prot_0037,0.02349358420769652,0.9139527537550323,0.9866600996670819
Prot_0038,0.005673055973528014,0.9759183646274523,0.9886285743849278
Prot_0039,-0.08791634782199828,0.6167733822956858,0.952921744353336
Prot_0040,0.08533181263997483,0.6373597251179494,0.952921744353336
Prot_0041,0.022878259641753263,0.9039770437755681,0.9866600996670819
Prot_0042,0.07038584108720265,0.7114240039777336,0.9652282324556013
Prot_0043,0.14364202397781886,0.38670998977953075,0.952921744353336
Prot_0044,0.1145153665056855,0.5915080600628781,0.952921744353336
Prot_0045,0.03023655073471325,0.8757924375293786,0.9828708778960596
Prot_0046,0.13048648144098518,0.4931058768203129,0.952921744353336
Prot_0047,-0.1523502551623863,0.421679656859139,0.952921744353336
Prot_0048,0.08285838197029154,0.6323849324517132,0.952921744353336
Prot_0049,0.04292045934884659,0.8000231602020732,0.9828708778960596
Prot_0050,0.2842595600322001,0.14920083307343818,0.7562184384951435
Prot_0051,0.0316165434515885,0.8730230303126787,0.9828708778960596
Prot_0052,-0.1160345707934854,0.5777681483544376,0.952921744353336
Prot_0053,-0.07987708301118757,0.64386697216504,0.952921744353336
Prot_0054,0.2622374130993962,0.17036950567242323,0.760578150323318
Prot_0055,-0.08623689819527401,0.6201283335837477,0.952921744353336
Prot_0056,-0.05633760400494807,0.7561949059629358,0.9735452948176645
Prot_0057,-0.16735157001945344,0.35371905475562704,0.9428041766419935
Prot_0058,0.1849099341026554,0.2825676553264713,0.8748224623110568
Prot_0059,0.0463129231721523,0.8115030015868665,0.9828708778960596
Prot_0060,0.03191447778691753,0.87672082308328525,0.9828708778960596
Prot_0061,-0.0367727359752649,0.8420060022678431,0.9828708778960596
Prot_0062,0.029730425323230572,0.8620045140473702,0.9828708778960596
Prot_0063,0.11360255370750123,0.5265282572307657,0.952921744353336
Prot_0064,-0.029184284920072655,0.8680136943626278,0.9828708778960596
Prot_0065,0.00908022252834975,0.9556271217453591,0.9886285743849278
Prot_0066,0.23486903423947958,0.1550481195787522,0.7562184384951435
Prot_0067,-0.14689412077049482,0.32989899100743747,0.9320986081738686
Prot_0068,0.060112760363556665,0.7068729546978318,0.9630421726128499
Prot_0069,0.2663343737603356,0.08206980593546745,0.6672341945972964
Prot_0070,0.10433060933906677,0.5367290611671005,0.952921744353336
Prot_0071,0.049684910335803814,0.7510411349487983,0.971710982286397
Prot_0072,0.21742869774588763,0.19501050376713866,0.7854067974783007
Prot_0073,0.02225442981282438,0.8823005797329107,0.9847104684519092
Prot_0074,0.031052525464386995,0.8503442496994895,0.9828708778960596
Prot_0075,0.05748756173254515,0.7701709968157429,0.9786162602487203
Prot_0076,0.10984747800436738,0.5034696296347241,0.952921744353336
Prot_0077,0.21721591993363168,0.2049393826350212,0.795492853974735
Prot_0078,-0.035262328162204676,0.842063876679257,0.9828708778960596
Prot_0079,0.08253302736494705,0.6625584822860111,0.952921744353336
Prot_0080,0.38346581106741356,0.04434016507735528,0.5609023201739638
Prot_0081,0.19294789235792156,0.2281258980024488,0.8327781954273995
Prot_0082,0.23828247131738095,0.19558369309667958,0.7854067974783007
Prot_0083,0.1598958884318356,0.3080712933904775,0.9092940097729264
Prot_0084,-0.19601469840267233,0.25378670406027243,0.854185736699996
Prot_0085,0.25119779345011095,0.0970968496723308,0.6789989487575581
Prot_0086,0.3132474990504883,0.05373320638442668,0.5934585724526277
Prot_0087,0.1608757659141487,0.30909274531467273,0.9092940097729264
Prot_0088,0.26753720426939165,0.10364825574101175,0.7050901751089234
Prot_0089,0.11803803797021627,0.49231852890545236,0.952921744353336
Prot_0090,0.1868442813192378,0.25782760091026075,0.854185736699996
Prot_0091,0.016721451663124946,0.9214773235228813,0.9866600996670819
Prot_0092,0.2525344289986367,0.11297684276681536,0.7150433086507301
Prot_0093,0.01799754506081136,0.9174688843580563,0.9866600996670819
Prot_0094,-0.06333437918675111,0.693144782678361,0.9558454274763794
Prot_0095,0.03510628266866631,0.8309639896796179,0.9828708778960596
Prot_0096,0.29328224956692744,0.08134988257019862,0.6672341945972964
Prot_0097,0.07260371182067885,0.638803420705486,0.952921744353336
Prot_0098,0.1939047423673198,0.22692459553000693,0.8327781954273995
Prot_0099,0.2041141593014108,0.2738447058779118,0.872174057936954
Prot_0100,0.06269268918213704,0.7349679135104503,0.9667579710504873
Prot_0101,0.3373872718167891,0.039992393274159085,0.5609023201739638
Prot_0102,0.16759316352304027,0.3338200993145639,0.9376969081869774
Prot_0103,0.35412518768225393,0.0358067978477775,0.5594812163715235
Prot_0104,0.21643559607233906,0.18511309386093483,0.7745317734767148
Prot_0105,0.1309053387746803,0.3984927639985161,0.952921744353336
Prot_0106,0.029908331729734332,0.8579356898230242,0.9828708778960596
Prot_0107,-0.04545918617587971,0.7810055005290726,0.9828708778960596
Prot_0108,0.06817255492283715,0.6799971862128538,0.954380498753488
Prot_0109,0.0570516540049855,0.7519540935995916,0.971710982286397
Prot_0110,0.3981492543456638,0.019763876684669474,0.4033444221361117
Prot_0111,0.11002205307386298,0.49973296977972936,0.952921744353336
Prot_0112,0.07593437046786566,0.648367414398471,0.952921744353336
Prot_0113,0.270815786838258,0.0727899803587181,0.6672341945972964
Prot_0114,0.006360737114018223,0.9677540763568326,0.9886285743849278
Prot_0115,0.1901015642080884,0.29795872538436985,0.8946513169627667
Prot_0116,0.2950367506294733,0.07998031547833029,0.6672341945972964
Prot_0117,0.32282749050816223,0.03812114046268992,0.5609023201739638
Prot_0118,0.10317775787088715,0.5199006891844786,0.952921744353336
Prot_0119,0.1697162869994152,0.2998858466521221,0.8946513169627667
Prot_0120,0.13901981073230713,0.3773434738948992,0.9521919003895115
Prot_0121,-0.7618791817729051,2.557543551513753e-4,0.11014426789852111
Prot_0122,-0.436176950342352,0.0424531801178031,0.5609023201739638
Prot_0123,-0.6837839646363766,0.0024844891742173084,0.1795547966794697
Prot_0124,-0.24672313160844173,0.27735135042395137,0.872174057936954
Prot_0125,-0.7374083101714548,8.480424286940277e-4,0.1211489183848611
Prot_0126,-0.7780889572696775,3.451545392605075e-4,0.11014426789852111
Prot_0127,-0.8858661291911546,1.2994162887696521e-4,0.11014426789852111
Prot_0128,-0.769085025390517,6.577158966111781e-4,0.1211489183848611
Prot_0129,-0.5303090490132804,0.01589596451808958,0.3696735934439437
Prot_0130,-0.07483696129106751,0.7578957661487935,0.9735452948176645
Prot_0131,-0.32600584294716456,0.17358136218684408,0.7647236665538759
Prot_0132,-0.4962494128125217,0.02424680907257205,0.4408510740467646
Prot_0133,-0.2515430402400718,0.3242294430623601,0.9290241921557597
Prot_0134,-0.8143483422711587,0.001125711863376606,0.14071398292207576
Prot_0135,-0.5682181192880219,0.018199933934057572,0.39565073769690373
Prot_0136,-0.5511772655016134,0.008203190034236073,0.312397446137297
Prot_0137,-0.6288973883051991,0.00889502643193773,0.312397446137297
Prot_0138,-0.367757107610239,0.12091021162244245,0.7349391313227774
Prot_0139,-0.41601217768186627,0.067748091263781507,0.6452199167979191
Prot_0140,-0.5905447933980289,0.0062738363313182164,0.2727754926660094
Prot_0141,-0.631780153960648,0.009541577810026895,0.3180525936675632
Prot_0142,-0.5319825564389311,0.013264655056172178,0.34706879890252096
Prot_0143,-0.6833498398965818,0.005286300249414974,0.25172858330547493
Prot_0144,-0.4474462184396555,0.0631624733413406,0.6300728693823437
Prot_0145,-0.61337295814636,0.0068667837737488935,0.28611599057287057
Prot_0146,-0.4654576821945797,0.0384965643434421,0.5609023201739638
Prot_0147,-0.8515441096221155,4.4057707159408444e-4,0.11014426789852111
Prot_0148,-0.5931401246161371,0.013449335860191052,0.34706879890252096
Prot_0149,-0.7799422894881634,7.758370467527982e-4,0.1211489183848611
Prot_0150,-0.7081212859939163,0.001650012584850803,0.1650012584850803
Prot_0151,-0.3808805264592926,0.06391732601753095,0.6300728693823437
Prot_0152,-0.791011672815861,0.0014647552529783391,0.1627505836642599
Prot_0153,-0.5486822522742376,0.0210953304817362,0.41798187951993465
Prot_0154,-0.5032435269815974,0.021317075855516666,0.41798187951993465
Prot_0155,-0.309653118652413,0.25161182665220927,0.854185736699996
Prot_0156,-0.7369001954622422,0.0035209127997927066,0.19888058257798685
Prot_0157,-0.6361033010910281,0.002876509589195633,0.17978184932472707
Prot_0158,-0.5481399695753213,0.025222491597822128,0.45040163567539515
Prot_0159,-0.698448357759556,0.0026664273888260055,0.1795547966794697
Prot_0160,-0.434052742534063,0.042099159423783075,0.5609023201739638
Prot_0161,0.09114093576620344,0.45433227191838976,0.952921744353336
Prot_0162,-0.02899551305122391,0.8113584306162944,0.9828708778960596
Prot_0163,-0.05286651555462209,0.6208649383918988,0.952921744353336
Prot_0164,-0.03616240876145523,0.793588208577123,0.9828708778960596
Prot_0165,0.003872286299891264,0.9748153611579902,0.9886285743849278
Prot_0166,-0.058754989946489075,0.5999297044551782,0.952921744353336
Prot_0167,-0.03245727883873476,0.8051798574818642,0.9828708778960596
Prot_0168,-0.26269975238931176,0.04599596508327871,0.5609023201739638
Prot_0169,0.18000839064616483,0.1648779833739132,0.7591702716559803
Prot_0170,0.01931118773188163,0.8689167506258613,0.9828708778960596
Prot_0171,0.02855711639195025,0.7909213268639163,0.9828708778960596
Prot_0172,-0.006197960900293347,0.9591612563243472,0.9886285743849278
Prot_0173,-0.15453416057536745,0.14598076194149978,0.7562184384951435
Prot_0174,-0.170821708973394,0.16438561696933549,0.7591702716559803
Prot_0175,-0.009820636665266315,0.9359054865624601,0.9872420744329747
Prot_0176,0.050738200048638424,0.6680704834509019,0.952921744353336
Prot_0177,-0.07605476739759079,0.49184462108531213,0.952921744353336
Prot_0178,-0.08702497417501744,0.4082066803486458,0.952921744353336
Prot_0179,0.0880698838690928,0.48058733579355284,0.952921744353336
Prot_0180,0.1923600160833533,0.09193236453077319,0.6782411999669392
Prot_0181,-0.156133155969173,0.19130151213986857,0.7854067974783007
Prot_0182,-0.2251570880377583,0.08030610880549874,0.6672341945972964
Prot_0183,-0.01694770355042522,0.8938621656486782,0.9866600996670819
Prot_0184,-0.09039459616200982,0.3837695077344445,0.952921744353336
Prot_0185,0.03322962142290669,0.7636823133655043,0.9743027890641304
Prot_0186,0.011667207929447468,0.920556798764945,0.9866600996670819
Prot_0187,0.0026146945015104828,0.983521121389676,0.9904543015001772
Prot_0188,-0.18246022962276576,0.15717977788614804,0.7562184384951435
Prot_0189,0.0032782972007874157,0.9787285773921257,0.9886285743849278
Prot_0190,0.1249684330497453,0.2566182310935125,0.854185736699996
Prot_0191,0.2771469643663862,0.016739267240264973,0.3749108601539771
Prot_0192,0.004418054800323097,0.9702516075869648,0.9886285743849278
Prot_0193,-0.12498727168735961,0.250621192609996,0.854185736699996
Prot_0194,0.09773530430822643,0.46650566368763324,0.952921744353336
Prot_0195,-0.06216066351097408,0.5893256313501893,0.952921744353336
Prot_0196,0.1528446321234871,0.2446012566404682,0.854185736699996
Prot_0197,0.1513721153281713,0.15169547794917249,0.7562184384951435
Prot_0198,0.15330659263111882,0.22611334435262942,0.8327781954273995
Prot_0199,-0.05909946998273146,0.6591419787131652,0.952921744353336
Prot_0200,0.17770833530446603,0.11954544222407258,0.7349391313227774
Prot_0201,-0.2229688445525021,0.05358497182164385,0.5934585724526277
Prot_0202,-0.013520670199390518,0.9119340278715312,0.9866600996670819
Prot_0203,-0.10249620610592228,0.3721334648296637,0.9521919003895115
Prot_0204,-0.0972333787554764,0.39408802953420485,0.952921744353336
Prot_0205,-0.11703155807590539,0.37036987496972085,0.9521076477370716
Prot_0206,0.07792797299964996,0.4968313326004985,0.952921744353336
Prot_0207,0.07164759147866076,0.5235855733225965,0.952921744353336
Prot_0208,0.047697849098264265,0.6987241948226015,0.955847051740905
Prot_0209,-0.1971008601589738,0.10748855030196706,0.7118447039865369
Prot_0210,-0.04365796474328033,0.7375114123757789,0.9667579710504873
Prot_0211,0.08501295381628758,0.45633512959456557,0.952921744353336
Prot_0212,-0.017325492363109058,0.8781032797749688,0.983318342413179
Prot_0213,0.00316878313911499,0.9787422886410785,0.9886285743849278
Prot_0214,0.08504713624966721,0.45044820220462944,0.952921744353336
Prot_0215,-0.037771994330640365,0.7182588642763981,0.9667579710504873
Prot_0216,-0.08831687939951302,0.45252887482630044,0.952921744353336
Prot_0217,-0.06557918873009247,0.5888847695254591,0.952921744353336
Prot_0218,0.010957356578095967,0.9349058766599736,0.9872290144244705
Prot_0219,0.12463416904321298,0.27701829971824593,0.872174057936954
Prot_0220,0.2914546437631506,0.02992846334498901,0.4988077224164835
Prot_0221,-0.08681383538253068,0.4835625509972774,0.952921744353336
Prot_0222,0.07569565250184923,0.540277196070712,0.952921744353336
Prot_0223,-0.07828536141125884,0.47387502550112903,0.952921744353336
Prot_0224,-0.10468955872927664,0.33011380704045334,0.9320986081738686
Prot_0225,-0.08136193924063871,0.5084370110117051,0.952921744353336
Prot_0226,-0.006534343363849573,0.9569614521520955,0.9886285743849278
Prot_0227,0.045962343944583976,0.6871766063201641,0.9548228080985511
Prot_0228,-0.18592398651168326,0.12988046003514989,0.7365186781113982
Prot_0229,-0.06461861934065147,0.5985613122518478,0.952921744353336
Prot_0230,0.22469823641410255,0.08682356240344405,0.6728874674406514
Prot_0231,-0.3182211178955697,0.005194876733276594,0.25172858330547493
Prot_0232,0.3572536285925296,0.003579850486403763,0.19888058257798685
Prot_0233,-0.23400652045816636,0.03253727084059509,0.5333978826327063
Prot_0234,-0.0893409848763022,0.465688600125407,0.952921744353336
Prot_0235,0.277862018082967,0.022421004839637153,0.43117316999302213
Prot_0236,-0.22734341637543806,0.06042623391115097,0.6300728693823437
Prot_0237,-0.022163530744046454,0.849434197761328,0.9828708778960596
Prot_0238,0.11001715167529037,0.4003882440323395,0.952921744353336
Prot_0239,-0.18202973187845498,0.13744628229492514,0.7365186781113982
Prot_0240,-0.27187708837776087,0.014972519780308917,0.35648856619783137
Prot_0241,0.16411023241765932,0.2137819013468301,0.8159614555222523
Prot_0242,0.10715415375890913,0.3308950059017234,0.9320986081738686
Prot_0243,0.1439176861483451,0.29048423637300697,0.8856226718689237
Prot_0244,-0.3339034473340132,0.002693321950192045,0.1795547966794697
Prot_0245,0.02673339875794986,0.8362146836482626,0.9828708778960596
Prot_0246,0.05806425582839718,0.6310008892687218,0.952921744353336
Prot_0247,-0.013454277454325833,0.9139636197603935,0.9866600996670819
Prot_0248,-0.014178834179864768,0.9027873172149558,0.9866600996670819
Prot_0249,-0.14842693149331881,0.24081840183034126,0.854185736699996
Prot_0250,-0.03608151722084998,0.7568074556981438,0.9735452948176645
Prot_0251,-0.16161819551734044,0.15729343520698985,0.7562184384951435
Prot_0252,0.11892666346455084,0.314197282596925,0.9160270629647957
Prot_0253,-0.007001737296295493,0.9544319850420555,0.9886285743849278
Prot_0254,0.2867941588147376,0.012888557474625171,0.34706879890252096
Prot_0255,-0.09427941396905677,0.39363261569625196,0.952921744353336
Prot_0256,0.06577361163478562,0.5857846230203534,0.952921744353336
Prot_0257,-0.16488877300544721,0.19476797369854004,0.7854067974783007
Prot_0258,-0.1057081473309563,0.3637732190233274,0.9432672324528018
Prot_0259,-0.1310619301858416,0.22298691149253205,0.8289476263662902
Prot_0260,-0.05180948317238642,0.6561113258456772,0.952921744353336
Prot_0261,-0.049579446220160014,0.697012530788542,0.955847051740905
Prot_0262,0.0952028320886644,0.44609997971692783,0.952921744353336
Prot_0263,0.05392242148931579,0.6580832439943266,0.952921744353336
Prot_0264,0.06888683750349694,0.5758268896427046,0.952921744353336
Prot_0265,-0.07375950425581167,0.5757588167309328,0.952921744353336
Prot_0266,0.009686814468106838,0.9404396157379049,0.9886285743849278
Prot_0267,0.19083060041780917,0.07761312448394533,0.6672341945972964
Prot_0268,0.2302825062206425,0.03516189292841795,0.5581252845780627
Prot_0269,-0.009759090447492942,0.925275926263506,0.9866600996670819
Prot_0270,0.14498601308271544,0.2964268632386682,0.8928519977068319
Prot_0271,0.273232006772077,0.023500800010335356,0.43597063157015525
Prot_0272,0.06623847995147743,0.6308716019598581,0.952921744353336
Prot_0273,0.023882426683935216,0.8549251743717956,0.9828708778960596
Prot_0274,-0.090794381461532,0.3934344506040317,0.952921744353336
Prot_0275,-0.06027658077969489,0.6426706661519503,0.952921744353336
Prot_0276,-0.0687219495282019,0.5804014480744848,0.952921744353336
Prot_0277,-0.20890928492724656,0.08505385474977364,0.6728874674406514
Prot_0278,-0.17161497885323296,0.13226393165095154,0.7365186781113982
Prot_0279,0.08016019938435309,0.5009422077400467,0.952921744353336
Prot_0280,-0.1555015338816733,0.17699213873802253,0.7647236665538759
Prot_0281,-0.1425870414838192,0.25256684176999844,0.854185736699996
Prot_0282,-0.15745674356283146,0.16824527374517387,0.760578150323318
Prot_0283,0.15935581193404433,0.1313718915234706,0.7365186781113982
Prot_0284,-0.041078159390956784,0.7465122011565198,0.9706563766218411
Prot_0285,0.011342319476089668,0.924214899081067,0.9866600996670819
Prot_0286,0.23956038397052581,0.04295546225747136,0.5609023201739638
Prot_0287,-0.07863840176030747,0.49857571446202065,0.952921744353336
Prot_0288,0.13816764245911228,0.2208424112269224,0.8240388478616508
Prot_0289,0.054056608627259584,0.5923060477088619,0.952921744353336
Prot_0290,-0.004189232061313852,0.9709650136406627,0.9886285743849278
Prot_0291,-0.029721912317128917,0.8219789011757809,0.9828708778960596
Prot_0292,0.17687845920828685,0.10824914887489248,0.7121654531242926
Prot_0293,-0.08283494914975534,0.5103401666282814,0.952921744353336
Prot_0294,0.00932959032905152,0.928402155854833,0.9866600996670819
Prot_0295,0.08518251063773755,0.4796785805369317,0.952921744353336
Prot_0296,0.11446728382871216,0.3214736038230634,0.9237747236294924
Prot_0297,-0.08098641974819912,0.451709925584304,0.952921744353336
Prot_0298,-0.06209488555282729,0.6044339516079484,0.952921744353336
Prot_0299,-0.03318015213106518,0.7929024472288517,0.9828708778960596
Prot_0300,-0.09464909161021828,0.4080153091679518,0.952921744353336
Prot_0301,-0.04170802558260848,0.6975098143731997,0.955847051740905
Prot_0302,-0.008137393279004737,0.9457509020061979,0.9886285743849278
Prot_0303,0.05906641013730788,0.6302957557609594,0.952921744353336
Prot_0304,-0.2766237872769491,0.02641715358162326,0.45641014482872594
Prot_0305,-0.024206182475389706,0.8321819286357739,0.9828708778960596
Prot_0306,-0.25380239128386006,0.0370815627144067,0.5609023201739638
Prot_0307,0.06395745682346224,0.5547263172962507,0.952921744353336
Prot_0308,-0.05220644423521837,0.6632852400015458,0.952921744353336
Prot_0309,-0.07177455649070166,0.5295353906699685,0.952921744353336
Prot_0310,-0.0789623487097747,0.5193206687180199,0.952921744353336
Prot_0311,0.07672298773340026,0.588538370313193,0.952921744353336
Prot_0312,0.1872043076539443,0.0812329050920403,0.6672341945972964
Prot_0313,-0.1262921223739831,0.2698793159958376,0.8705784386962502
Prot_0314,-0.1038451502518523,0.36076614600087675,0.9428041766419935
Prot_0315,0.07281026652831984,0.4834294260456491,0.952921744353336
Prot_0316,0.14139139215484264,0.26014523613669477,0.854185736699996
Prot_0317,0.0828050736449799,0.5190357984280846,0.952921744353336
Prot_0318,0.10158209201148861,0.39816000031734144,0.952921744353336
Prot_0319,0.05708896306503552,0.6267518454595651,0.952921744353336
Prot_0320,0.0333953439425391,0.7995243617534903,0.9828708778960596
Prot_0321,0.05110346484234543,0.6700580790329911,0.952921744353336
Prot_0322,0.028056931259978594,0.8369088103141282,0.9828708778960596
Prot_0323,0.20027981901997988,0.07856883037631616,0.6672341945972964
Prot_0324,0.034290455586856235,0.7823197446335952,0.9828708778960596
Prot_0325,0.057985009989390185,0.6594031448933304,0.952921744353336
Prot_0326,-0.010322864663084923,0.9313262551478425,0.9866600996670819
Prot_0327,-0.17931849646724202,0.1296750450412594,0.7365186781113982
Prot_0328,-0.15626892593863592,0.1800550363893719,0.7661916442100931
Prot_0329,-0.09304757301833702,0.430512637787983,0.952921744353336
Prot_0330,-0.13596535010354774,0.25548753126039453,0.854185736699996
Prot_0331,-0.061029804002913794,0.6074234521468767,0.952921744353336
Prot_0332,0.019156551682121926,0.8921753018189633,0.9866600996670819
Prot_0333,-0.06797840489219743,0.5545244209359168,0.952921744353336
Prot_0334,-0.09217167688821988,0.42628530091948225,0.952921744353336
Prot_0335,-0.06659370678966557,0.5893741713022349,0.952921744353336
Prot_0336,0.03331511569740521,0.7841850326510691,0.9828708778960596
Prot_0337,0.1668203280968496,0.11995784639303417,0.7349391313227774
Prot_0338,-0.0889830598576089,0.4171773036438827,0.952921744353336
Prot_0339,-0.0519685411882828,0.6752052464760174,0.952921744353336
Prot_0340,-0.051495665221525905,0.677403368096575,0.952921744353336
Prot_0341,0.007556866701277938,0.9515067284655642,0.9886285743849278
Prot_0342,0.1340906073104541,0.31542163668819434,0.9169233624656812
Prot_0343,0.01684345590147363,0.8857846133651356,0.9861030815388838
Prot_0344,-0.011347657089270421,0.9254048576000511,0.9866600996670819
Prot_0345,-0.22435119459693095,0.0641035442874767,0.6300728693823437
Prot_0346,-0.013735582198326242,0.9152622029173734,0.9866600996670819
Prot_0347,-0.3357568222701548,0.009059525937981611,0.312397446137297
Prot_0348,-0.13055176327077514,0.29549893515642234,0.8927460276629074
Prot_0349,-0.21382517700142198,0.05400473009318912,0.5934585724526277
Prot_0350,-0.15976673951674997,0.17766229670000222,0.7647236665538759
Prot_0351,0.1406524785171157,0.2152598013269879,0.8170565368395823
Prot_0352,0.2117880430553062,0.09631025039530536,0.6782411999669392
Prot_0353,-0.19349324797678885,0.08747537076728468,0.6728874674406514
Prot_0354,-9.948768692540323e-4,0.9945163839827386,0.9977913865620391
Prot_0355,0.17494894496136273,0.1542214407080699,0.7562184384951435
Prot_0356,0.117411215443821,0.35050506275715054,0.9428041766419935
Prot_0357,0.04096917427707331,0.7090875072990392,0.9647449078898492
Prot_0358,-0.09856135236982051,0.4055099985130013,0.952921744353336
Prot_0359,0.16999742568083398,0.13775909044417323,0.7365186781113982
Prot_0360,-0.0903789913956314,0.47849423310092076,0.952921744353336
Prot_0361,0.16595479259693574,0.16530086996528995,0.7591702716559803
Prot_0362,0.04181504598098337,0.7145736777302529,0.9656401050408823
Prot_0363,0.01306135766695318,0.9201760684156701,0.9866600996670819
Prot_0364,0.08339717500850193,0.490173975328554,0.952921744353336
Prot_0365,-0.006996587366940345,0.954333994649387,0.9886285743849278
Prot_0366,0.14867292868678386,0.21150140989017713,0.8103502294642801
Prot_0367,0.11334778284478374,0.3374779816679667,0.9428041766419935
Prot_0368,-0.0695277014788973,0.5801391506922635,0.952921744353336
Prot_0369,-0.04087313021130942,0.7344017983296347,0.9667579710504873
Prot_0370,0.005425561878849868,0.959873051979637,0.9886285743849278
Prot_0371,-0.024971051187567848,0.8191901291110419,0.9828708778960596
Prot_0372,-0.1962643800851594,0.12131054543261935,0.7349391313227774
Prot_0373,-0.05330570337302926,0.6275579969544935,0.952921744353336
Prot_0374,0.06543258863407866,0.613825056283509,0.952921744353336
Prot_0375,0.0103449025757567,0.9331752155583323,0.9866600996670819
Prot_0376,0.07885150674246232,0.4586225688701051,0.952921744353336
Prot_0377,0.0438896612131193,0.7376363319115218,0.9667579710504873
Prot_0378,0.1170439514911304,0.2845380597710113,0.8780156541652148
Prot_0379,0.006655057101719446,0.9477310251019138,0.9886285743849278
Prot_0380,-0.11727600541163022,0.3444443698392864,0.9428041766419935
Prot_0381,-0.2193689853068652,0.12770865972947595,0.7365186781113982
Prot_0382,-0.035125330135091455,0.7858649119680645,0.9828708778960596
Prot_0383,-0.12406794626295158,0.35687882385543845,0.9428041766419935
Prot_0384,-0.041807611205478684,0.6880275062595824,0.9548228080985511
Prot_0385,0.16363877169736044,0.15382409125622618,0.7562184384951435
Prot_0386,-0.05501107502955202,0.6162411175293364,0.952921744353336
Prot_0387,-0.06033391106007311,0.6275895390606325,0.952921744353336
Prot_0388,0.11043295776320877,0.3508090387893853,0.9428041766419935
Prot_0389,-0.057702785963641624,0.6173540190513398,0.952921744353336
Prot_0390,0.1321398783779167,0.3184828032286329,0.9218694730966248
Prot_0391,-0.2083259094344665,0.10306469293594257,0.7050901751089234
Prot_0392,-0.016629947691686145,0.896921116639319,0.9866600996670819
Prot_0393,-0.16164769979603302,0.18092694230743472,0.7666395860484523
Prot_0394,-0.13185060095817291,0.26393585491763005,0.8597259117838113
Prot_0395,0.07863695310456387,0.5497406065634722,0.952921744353336
Prot_0396,0.022034546155766763,0.8619033496826827,0.9828708778960596
Prot_0397,4.51511574977701e-4,0.9969851325863854,0.9977913865620391
Prot_0398,-0.13617091660504546,0.23710776545427867,0.8468134480509953
Prot_0399,0.025561700189044655,0.8280062436377293,0.9828708778960596
Prot_0400,-0.07811219184979015,0.4815726528568439,0.952921744353336
Prot_0401,-0.07473496799297996,0.567954565615346,0.952921744353336
Prot_0402,-0.186126977475952,0.13080599999098058,0.7365186781113982
Prot_0403,0.07135905337920026,0.5899072069276172,0.952921744353336
Prot_0404,0.023079888163855235,0.8577106405792995,0.9828708778960596
Prot_0405,-0.10291025168910259,0.39692396964633514,0.952921744353336
Prot_0406,0.022289829482504103,0.8624918270913816,0.9828708778960596
Prot_0407,-0.12002377799452783,0.3021125447118456,0.8964763938036961
Prot_0408,-0.085094703821286935,0.45691524335012135,0.952921744353336
Prot_0409,-0.0807182578680724,0.4923618655706954,0.952921744353336
Prot_0410,0.21690381709128836,0.06323288808516327,0.6300728693823437
Prot_0411,0.03860697238532379,0.7390591945819405,0.9668679189157481
Prot_0412,-0.18810096162709736,0.12199989579958105,0.7349391313227774
Prot_0413,-0.09762853941149327,0.4628716106256978,0.952921744353336
Prot_0414,-0.05303750810733903,0.6444651725398265,0.952921744353336
Prot_0415,3.959916673583165e-4,0.9972803386544555,0.9977913865620391
Prot_0416,0.2017626802338184,0.07679547260203538,0.6672341945972964
Prot_0417,0.1731712305999374,0.15972420573838664,0.7591702716559803
Prot_0418,-0.2138950985144881,0.13695284154276474,0.7365186781113982
Prot_0419,-0.052933410108841054,0.6733780801335584,0.952921744353336
Prot_0420,-0.05845089884540618,0.6099284362561008,0.952921744353336
Prot_0421,-0.18979034892274319,0.10944260279420696,0.7150433086507301
Prot_0422,-0.06349972096810688,0.61399298874295,0.952921744353336
Prot_0423,-0.011633066223389193,0.9147563337096156,0.9866600996670819
Prot_0424,-0.40194442114566187,0.004033585665419907,0.21229398239052139
Prot_0425,-0.0229017397320104,0.8340494312548772,0.9828708778960596
Prot_0426,0.2594327520246127,0.0190111775325621,0.3978493503180814
Prot_0427,-0.09634645633966661,0.42560513868086935,0.952921744353336
Prot_0428,0.22967912945563174,0.02874207307496784,0.48715378093165834
Prot_0429,0.1312222418558029,0.31988870716452883,0.9218694730966248
Prot_0430,0.005566928520874587,0.9668399016571354,0.9886285743849278
Prot_0431,0.3005673804497139,0.012181337288095428,0.34706879890252096
Prot_0432,0.03557505042846507,0.7701226496428966,0.9786162602487203
Prot_0433,-0.11998169650659453,0.3480041764048255,0.9428041766419935
Prot_0434,-0.2412208032258727,0.06091382660139571,0.6300728693823437
Prot_0435,0.026223045438567943,0.8363446587551369,0.9828708778960596
Prot_0436,-0.18161524749124042,0.17641890608306648,0.7647236665538759
Prot_0437,0.04595924144371023,0.6685316328928013,0.952921744353336
Prot_0438,0.11569468256146853,0.3425682499384971,0.9428041766419935
Prot_0439,0.0675859827453024,0.5585311603000396,0.952921744353336
Prot_0440,-0.08450917505351563,0.5257972308361116,0.952921744353336
Prot_0441,0.08469363722767054,0.445773593637412,0.952921744353336
Prot_0442,0.06117821584347024,0.6114680138737336,0.952921744353336
Prot_0443,-0.032608815240476756,0.7910204392074446,0.9828708778960596
Prot_0444,0.0700918474359175,0.5579189471954265,0.952921744353336
Prot_0445,-0.08742104403031964,0.4420101848714245,0.952921744353336
Prot_0446,-0.3785496197868644,0.0025510680126664704,0.1795547966794697
Prot_0447,0.16391742967870404,0.16514732654070668,0.7591702716559803
Prot_0448,0.17184059287780565,0.11133594061380704,0.7150433086507301
Prot_0449,-0.006303648937422848,0.9610855996928387,0.9886285743849278
Prot_0450,0.05135178303997722,0.6775273602352219,0.952921744353336
Prot_0451,0.003358068575950797,0.978098945700689,0.9886285743849278
Prot_0452,-0.027107920311177102,0.8162402845483531,0.9828708778960596
Prot_0453,0.13579573457416474,0.25963818470929356,0.854185736699996
Prot_0454,0.16743363056237845,0.1974722743326343,0.7854067974783007
Prot_0455,0.15525908763094778,0.16953236724928833,0.760578150323318
Prot_0456,-0.045558089269993815,0.7114529335087258,0.9652282324556013
Prot_0457,0.17863286660918604,0.1341577479693784,0.7365186781113982
Prot_0458,-0.1991315044219068,0.08846081412053432,0.6752733902330864
Prot_0459,-0.2014788591056517,0.0900641277526917,0.6782411999669392
Prot_0460,0.15517677363589488,0.1847147943361993,0.7745317734767148
Prot_0461,-0.2385271656115102,0.04395592176375803,0.5609023201739638
Prot_0462,-0.23008565806605577,0.05810844510714397,0.6248219903993975
Prot_0463,0.1102928585506496,0.35217121066499,0.9428041766419935
Prot_0464,0.09794391468274742,0.35954925700426643,0.9428041766419935
Prot_0465,0.12103120208029856,0.3885246696875643,0.952921744353336
Prot_0466,-0.20441347185678096,0.10721574817205082,0.7118447039865369
Prot_0467,0.01838608220674495,0.8741406913977569,0.9828708778960596
Prot_0468,0.07510196388120192,0.5034684716996499,0.952921744353336
Prot_0469,0.1033537242071463,0.4169483071557266,0.952921744353336
Prot_0470,-0.07417279553552769,0.5381203633442515,0.952921744353336
Prot_0471,-0.005310085002582673,0.9660165956343072,0.9886285743849278
Prot_0472,0.003379227990370444,0.9785717224530138,0.9886285743849278
Prot_0473,0.0218775842080037,0.8422592707447115,0.9828708778960596
Prot_0474,0.13083507065927288,0.26052664969349876,0.854185736699996
Prot_0475,-0.2376637022664337,0.04855333725909249,0.5780159197511011
Prot_0476,-0.19582401891162285,0.11739532606008901,0.7337207878755563
Prot_0477,-0.11937383284684303,0.28190450657349203,0.8748224623110568
Prot_0478,-0.04734724682336034,0.6940134547458667,0.9558454274763794
Prot_0479,0.1195384921168302,0.3835801885770407,0.952921744353336
Prot_0480,-0.22447588799410867,0.10529070680875774,0.7083656737602267
Prot_0481,-0.10317353032141485,0.43148463612067145,0.952921744353336
Prot_0482,0.10846927962357467,0.3620368038305255,0.9428041766419935
Prot_0483,-0.1532784538862213,0.2304898857580811,0.8327781954273995
Prot_0484,0.012361519911650722,0.9156561843555738,0.9866600996670819
Prot_0485,0.19321370904479915,0.0943072081730403,0.6782411999669392
Prot_0486,0.014593412795092563,0.9106866659051542,0.9866600996670819
Prot_0487,-0.06763769865415574,0.5387744362461679,0.952921744353336
Prot_0488,-0.1110153570716334,0.3544351545039136,0.9428041766419935
Prot_0489,-0.06690267541084724,0.5758947098001341,0.952921744353336
Prot_0490,0.05129457847082052,0.6926117039296904,0.9558454274763794
Prot_0491,0.10224711086215983,0.4567600716823722,0.952921744353336
Prot_0492,0.23271160579091332,0.04555127601777049,0.5609023201739638
Prot_0493,-0.16669176956491727,0.19133890698140896,0.7854067974783007
Prot_0494,-0.1441885511454397,0.2505314464077432,0.854185736699996
Prot_0495,-0.02021271342435211,0.866167463446871,0.9828708778960596
Prot_0496,-0.01687245301382301,0.8865066703034566,0.9861030815388838
Prot_0497,0.08135050461776239,0.51625403995368,0.952921744353336
Prot_0498,-0.08859026458675762,0.40564439986955614,0.952921744353336
Prot_0499,0.0971907258225351,0.4636816118876108,0.952921744353336
Prot_0500,0.008590357073087897,0.9324811470555656,0.9866600996670819
Prot_0501,-0.06756807972475792,0.5829181309774669,0.952921744353336
Prot_0502,-0.0191976537931786,0.8649628955074854,0.9828708778960596
Prot_0503,0.37136261440984386,0.006107123200382181,0.2727754926660094
Prot_0504,-0.1235408323365434,0.33046024109165184,0.9320986081738686
Prot_0505,-0.04026336718986186,0.7370164608617149,0.9667579710504873
Prot_0506,-0.15945420237246882,0.1752529755958418,0.7647236665538759
Prot_0507,-0.02564971784986032,0.8362071825626732,0.9828708778960596
Prot_0508,0.07506089754523643,0.5233861974387786,0.952921744353336
Prot_0509,-0.015181177123701527,0.8963544831666135,0.9866600996670819
Prot_0510,-0.0439970354960178,0.6979277802066608,0.955847051740905
Prot_0511,0.029590032944386356,0.8100352881185243,0.9828708778960596
Prot_0512,-0.04712295862117807,0.6692103450712359,0.952921744353336
Prot_0513,0.04338761117996075,0.7314623274972247,0.9667579710504873
Prot_0514,0.13053513467155178,0.258876526764506,0.854185736699996
Prot_0515,4.2808847909742387e-4,0.9972164130577805,0.9977913865620391
Prot_0516,-0.08026978021370573,0.4818607355385196,0.952921744353336
Prot_0517,0.21097738755675174,0.10554648539027378,0.7083656737602267
Prot_0518,0.04675189303649754,0.676133498811677,0.952921744353336
Prot_0519,-0.09843644014208712,0.40853753875359244,0.952921744353336
Prot_0520,-0.08487472702231312,0.5597965507148419,0.952921744353336
Prot_0521,0.07978210833974424,0.5473070775075057,0.952921744353336
Prot_0522,-0.11480190483267391,0.33922818061076154,0.9428041766419935
Prot_0523,0.054849754776921944,0.6556835935530664,0.952921744353336
Prot_0524,-0.1358915676308811,0.17942671177063296,0.7661916442100931
Prot_0525,-0.1837677763333659,0.12453478629793953,0.7365186781113982
Prot_0526,-0.013460516505913104,0.913574256609069,0.9866600996670819
Prot_0527,-0.19919459575171286,0.13047965761111607,0.7365186781113982
Prot_0528,0.16683645168793929,0.1642068401248624,0.7591702716559803
Prot_0529,-0.06173243418300024,0.6243484140488945,0.952921744353336
Prot_0530,-0.08156181708148179,0.5036779479323565,0.952921744353336
Prot_0531,-0.058706787442336726,0.6189100512310142,0.952921744353336
Prot_0532,-0.10514333116791384,0.41250509420076986,0.952921744353336
Prot_0533,-0.1740464950577764,0.1570637587549817,0.7562184384951435
Prot_0534,-0.07334584371334359,0.5188107120869054,0.952921744353336
Prot_0535,-0.10339122736845245,0.36610616191219436,0.9450087880747065
Prot_0536,0.3396492794378117,0.007585162046613293,0.30340648186453173
Prot_0537,0.06946302921336513,0.5670661464005975,0.952921744353336
Prot_0538,0.07568030221507445,0.5046427001055926,0.952921744353336
Prot_0539,-0.07463923251237947,0.5376389024743953,0.952921744353336
Prot_0540,-0.028977532021399022,0.816793275266155,0.9828708778960596
Prot_0541,-0.07502329301434035,0.5467261667711997,0.952921744353336
Prot_0542,-0.17547206524065273,0.14807931746427408,0.7562184384951435
Prot_0543,0.10774378053768054,0.4413834340660753,0.952921744353336
Prot_0544,0.21111937294444158,0.06770654499724267,0.6452199167979191
Prot_0545,0.10116028150634253,0.44098091290683283,0.952921744353336
Prot_0546,-0.07270809496291088,0.5207529054202318,0.952921744353336
Prot_0547,-0.0282440291562459,0.8206663088977262,0.9828708778960596
Prot_0548,-0.07010058473646774,0.605024221399067,0.952921744353336
Prot_0549,-0.06060799987256066,0.577105517208603,0.952921744353336
Prot_0550,-0.0962054734478424,0.46000647682208473,0.952921744353336
Prot_0551,-0.1021118786233368,0.37842116808338666,0.9521919003895115
Prot_0552,0.1930782487439408,0.13936920787551582,0.7365186781113982
Prot_0553,-0.2508869548675285,0.039263663501726144,0.5609023201739638
Prot_0554,-0.009016138193581645,0.9396897674332845,0.9886285743849278
Prot_0555,-0.018960590503379404,0.868884032252456,0.9828708778960596
Prot_0556,0.00759635504635448,0.9501336357379803,0.9886285743849278
Prot_0557,-0.15045396361278057,0.19418914334374932,0.7854067974783007
Prot_0558,-0.02308449326549854,0.8616346087880236,0.9828708778960596
Prot_0559,0.1414514463637273,0.2810956270596114,0.8748224623110568
Prot_0560,-0.049323122945263184,0.6645469327803729,0.952921744353336
Prot_0561,0.15960735283960817,0.17593897484569995,0.7647236665538759
Prot_0562,0.18210945721372646,0.19870791976201008,0.7854067974783007
Prot_0563,0.052631641351168205,0.6884272446390554,0.9548228080985511
Prot_0564,0.05377383968857824,0.6621437081109336,0.952921744353336
Prot_0565,0.05475735632810388,0.5995623612347523,0.952921744353336
Prot_0566,0.06950848797399585,0.5639468585716048,0.952921744353336
Prot_0567,0.03844683015450907,0.7474054099988177,0.9706563766218411
Prot_0568,-0.07181050708514798,0.5497113669657313,0.952921744353336
Prot_0569,0.01103270381050313,0.9236577163170252,0.9866600996670819
Prot_0570,0.05503001642288366,0.6434058230487751,0.952921744353336
Prot_0571,0.02368177338942555,0.8418598985421748,0.9828708778960596
Prot_0572,0.1801624654008254,0.1553993989129303,0.7562184384951435
Prot_0573,-0.09040683868150082,0.4640239446363629,0.952921744353336
Prot_0574,0.10629663868336729,0.3641011517267815,0.9432672324528018
Prot_0575,-0.12849024005434653,0.3112113376747315,0.9126432189874825
Prot_0576,0.010847843735020226,0.9226030499401305,0.9866600996670819
Prot_0577,-0.07263467895726723,0.6068329755137907,0.952921744353336
Prot_0578,-0.12987130054459262,0.29012834389864894,0.8856226718689237
Prot_0579,-0.06240397048741517,0.6123540722523599,0.952921744353336
Prot_0580,0.06845545156294712,0.5911478916167625,0.952921744353336
Prot_0581,0.07809717466510772,0.5043862591612426,0.952921744353336
Prot_0582,-0.04275481409760857,0.7324048639952252,0.9667579710504873
Prot_0583,0.10229001110895102,0.3505651537908696,0.9428041766419935
Prot_0584,-0.09959365294978764,0.48760882505794056,0.952921744353336
Prot_0585,0.1271971221340588,0.2752526293746501,0.872174057936954
Prot_0586,-0.19963234641260216,0.13993854884116563,0.7365186781113982
Prot_0587,-0.058169318197270364,0.602563459032994,0.952921744353336
Prot_0588,-0.12343836249567622,0.29421264512518513,0.8915534700763186
Prot_0589,-0.17060354458628915,0.2068281420334311,0.795492853974735
Prot_0590,0.18535169555005906,0.13489834430927303,0.7365186781113982
Prot_0591,-0.04284581473184057,0.6948996257753277,0.9558454274763794
Prot_0592,-0.02688362412150205,0.8192865202359443,0.9828708778960596
Prot_0593,-0.16579763460290978,0.15396773508631711,0.7562184384951435
Prot_0594,-0.08988137891528952,0.47703096845519655,0.952921744353336
Prot_0595,0.05142127836821865,0.6351284723593963,0.952921744353336
Prot_0596,0.20249787932761842,0.11197478933510437,0.7150433086507301
Prot_0597,-0.04189002030629655,0.7208941409278229,0.9667579710504873
Prot_0598,0.12154871643500588,0.2535900223628062,0.854185736699996
Prot_0599,-0.003877108807408222,0.9750539012343837,0.9886285743849278
Prot_0600,0.20730854260436857,0.07771238884341682,0.6672341945972964
Prot_0601,0.029008760845933262,0.7998487928224345,0.9828708778960596
Prot_0602,-0.053917463706356694,0.6519305938186504,0.952921744353336
Prot_0603,-0.09804250581164438,0.3619010622312594,0.9428041766419935
Prot_0604,0.11022483776694428,0.37897237635502556,0.9521919003895115
Prot_0605,0.03276597293152497,0.7810812607702259,0.9828708778960596
Prot_0606,0.050804619818233684,0.6243669946123052,0.952921744353336
Prot_0607,-0.1100299161773624,0.378928193890232,0.9521919003895115
Prot_0608,-0.015113985955357503,0.8948384201037917,0.9866600996670819
Prot_0609,0.06779530264571502,0.5985794737049032,0.952921744353336
Prot_0610,0.09004976948651984,0.455135945541044,0.952921744353336
Prot_0611,-0.08073984558544657,0.4470764597980279,0.952921744353336
Prot_0612,-0.05326214868815596,0.6242716422263318,0.952921744353336
Prot_0613,-0.22459400954522166,0.042269599566813615,0.5609023201739638
Prot_0614,-0.06495681242994826,0.5645784176906936,0.952921744353336
Prot_0615,-0.011146481854945428,0.9171079806726066,0.9866600996670819
Prot_0616,-0.27805662931509495,0.04221695087504527,0.5609023201739638
Prot_0617,0.03975989167390018,0.7320307888006905,0.9667579710504873
Prot_0618,0.368485119342344,0.0018535308764598057,0.16850280695089143
Prot_0619,0.176054041625679,0.21572717150480014,0.8170565368395823
Prot_0620,-0.040122253184689566,0.7528187840394363,0.971710982286397
Prot_0621,-0.0556787548500606,0.6343758595616182,0.952921744353336
Prot_0622,-0.05697035141070578,0.6530095367796135,0.952921744353336
Prot_0623,-0.10907784666182432,0.30915996332279494,0.9092940097729264
Prot_0624,0.03791510524355027,0.7273149134869406,0.9667579710504873
Prot_0625,0.027839365959410698,0.8104160933592388,0.9828708778960596
Prot_0626,0.03149596184320093,0.7638533866262782,0.9743027890641304
Prot_0627,-0.21394024660821134,0.07698701293923081,0.6672341945972964
Prot_0628,-0.027026823231026738,0.7948357883514239,0.9828708778960596
Prot_0629,-0.1079770786925922,0.35383112476695233,0.9428041766419935
Prot_0630,0.2544712914388195,0.0264717884000661,0.45641014482872594
Prot_0631,-0.06370635968019063,0.5927318296036663,0.952921744353336
Prot_0632,0.0874818678204573,0.46467686834741206,0.952921744353336
Prot_0633,-0.067285016908821,0.5799080794199964,0.952921744353336
Prot_0634,0.10304170725721486,0.41001106107711704,0.952921744353336
Prot_0635,-0.03516356782411283,0.7619633682283725,0.9743027890641304
Prot_0636,-0.08924509541467272,0.4739632737549182,0.952921744353336
Prot_0637,0.032721893384203456,0.8144074472885517,0.9828708778960596
Prot_0638,0.04239352042995601,0.7504342400858481,0.971710982286397
Prot_0639,0.042201658868634986,0.7140626631010116,0.9656401050408823
Prot_0640,0.15115526044561411,0.1956547754883784,0.7854067974783007
Prot_0641,0.1227330024572664,0.2693926094058832,0.8705784386962502
Prot_0642,-0.025056293111640728,0.8457929559136782,0.9828708778960596
Prot_0643,0.05980896274848876,0.5987902784445485,0.952921744353336
Prot_0644,0.00950754984209944,0.9291432221379293,0.9866600996670819
Prot_0645,0.01891345616815942,0.8812415320745035,0.98462741013911
Prot_0646,-0.06322606699255334,0.5809147546188881,0.952921744353336
Prot_0647,-0.11127186495027802,0.3425893098582543,0.9428041766419935
Prot_0648,-0.1032862348732038,0.33989044481091013,0.9428041766419935
Prot_0649,-0.036935196410832434,0.7530760112719577,0.971710982286397
Prot_0650,0.08981886279408006,0.45396900808937635,0.952921744353336
Prot_0651,-0.07187067062857563,0.5165761220529856,0.952921744353336
Prot_0652,0.018983782178854255,0.8739710404769033,0.9828708778960596
Prot_0653,0.02680443987514306,0.8303922094348433,0.9828708778960596
Prot_0654,0.02238370552823206,0.8638097481037862,0.9828708778960596
Prot_0655,-0.038912495176552604,0.7593653299577783,0.9735452948176645
Prot_0656,0.07666939832530188,0.5145868792107774,0.952921744353336
Prot_0657,-0.16291352274920948,0.20244479420764164,0.7939011537554573
Prot_0658,-0.03399267114162599,0.7727109356709129,0.9793547980619935
Prot_0659,-0.007856594679485344,0.9549219364464334,0.9886285743849278
Prot_0660,-0.08414284505460139,0.4789937425528391,0.952921744353336
Prot_0661,-0.07994464553891663,0.5289140082442066,0.952921744353336
Prot_0662,0.0393276106627543,0.7415876938083787,0.9668679189157481
Prot_0663,0.17298802788680898,0.1596495958634587,0.7591702716559803
Prot_0664,0.039528218257327406,0.7341244640568223,0.9667579710504873
Prot_0665,-0.09473960230354037,0.3517739258312408,0.9428041766419935
Prot_0666,0.02921929879962482,0.8131662078123223,0.9828708778960596
Prot_0667,-0.07580823659566646,0.5298746869666239,0.952921744353336
Prot_0668,-0.14609376490559436,0.23015733390591492,0.8327781954273995
Prot_0669,0.006141052437541407,0.9567733561345831,0.9886285743849278
Prot_0670,-0.08607569887410219,0.5212341010031019,0.952921744353336
Prot_0671,0.07480916681890924,0.5654461273261252,0.952921744353336
Prot_0672,0.21573750681929432,0.04913842296759728,0.5780990937364386
Prot_0673,-0.005187622366176555,0.965336351422121,0.9886285743849278
Prot_0674,-0.054802408480659474,0.6754274860540825,0.952921744353336
Prot_0675,-0.003782577259951902,0.9770592242774518,0.9886285743849278
Prot_0676,0.10431737391327026,0.39833300542028693,0.952921744353336
Prot_0677,0.17638984194935814,0.16659485045143926,0.760578150323318
Prot_0678,0.17005226690909642,0.14972694953509644,0.7562184384951435
Prot_0679,-0.023666931158605468,0.8350700356753746,0.9828708778960596
Prot_0680,-0.03106696158880348,0.7890861216900608,0.9828708778960596
Prot_0681,0.10971612154440488,0.3574698161410953,0.9428041766419935
Prot_0682,0.14722724692556716,0.27168899125285934,0.8707980488873697
Prot_0683,-0.32215892791439754,0.013470251740893911,0.34706879890252096
Prot_0684,-0.019849160102599052,0.8652267594978207,0.9828708778960596
Prot_0685,-0.10021020797493042,0.3477263654903856,0.9428041766419935
Prot_0686,0.08522870421298344,0.4754542110908614,0.952921744353336
Prot_0687,0.24309640641681987,0.07582577271940001,0.6672341945972964
Prot_0688,-0.064279235901377,0.5714378395411509,0.952921744353336
Prot_0689,0.13183166439562208,0.24423022236872055,0.854185736699996
Prot_0690,0.09608778629409626,0.47925747501231564,0.952921744353336
Prot_0691,0.17618235490908735,0.09557638847743871,0.6782411999669392
Prot_0692,-0.07256946787382787,0.5240582372993233,0.952921744353336
Prot_0693,-0.1904637856596796,0.1293760722516007,0.7365186781113982
Prot_0694,0.07552540160643496,0.5627749008627256,0.952921744353336
Prot_0695,-0.27406957708119567,0.010287243277046871,0.33184655732409263
Prot_0696,0.05086303437369261,0.6708055382025679,0.952921744353336
Prot_0697,0.055333696065383006,0.6289298424136764,0.952921744353336
Prot_0698,-0.029158676831356155,0.8081496816597921,0.9828708778960596
Prot_0699,0.15829131563169113,0.16987101211003477,0.760578150323318
Prot_0700,0.14117926466822972,0.24363748400226856,0.854185736699996
Prot_0701,0.2498275412073543,0.04655489257443899,0.5609023201739638
Prot_0702,0.2939135801860566,0.013535683157198317,0.34706879890252096
Prot_0703,0.025429199254926288,0.8227990307741633,0.9828708778960596
Prot_0704,0.06034598812932712,0.6407364846619765,0.952921744353336
Prot_0705,0.17200888077819362,0.13552996801465206,0.7365186781113982
Prot_0706,-0.13607797963186452,0.25265480648819366,0.854185736699996
Prot_0707,-0.10597497829158656,0.32962945729870696,0.9320986081738686
Prot_0708,0.04163980775311938,0.7254208665148135,0.9667579710504873
Prot_0709,0.09580858891614198,0.3820143080692633,0.952921744353336
Prot_0710,-0.04188223685031028,0.7189108703744811,0.9667579710504873
Prot_0711,0.015564667876536263,0.9015334211899158,0.9866600996670819
Prot_0712,-0.15684853473565782,0.17380836618453116,0.7647236665538759
Prot_0713,-0.03937864222823249,0.7269296380730361,0.9667579710504873
Prot_0714,-0.019315519374869153,0.8801133654366847,0.9844668517188867
Prot_0715,-0.1379510229653242,0.23067956013338967,0.8327781954273995
Prot_0716,-0.029934627918722003,0.7962322735281735,0.9828708778960596
Prot_0717,-0.09803799206225744,0.4403525697316121,0.952921744353336
Prot_0718,0.010269572554241843,0.9284063771487445,0.9866600996670819
Prot_0719,-0.06779939889731225,0.5699640630468236,0.952921744353336
Prot_0720,0.08845879899147144,0.4164868447899037,0.952921744353336
Prot_0721,0.07590829054507076,0.5218626351276838,0.952921744353336
Prot_0722,0.01533263827797873,0.8933553407959361,0.9866600996670819
Prot_0723,0.016887617773079573,0.8991493033938277,0.9866600996670819
Prot_0724,0.17716911367913687,0.14270722927659685,0.7432668191489419
Prot_0725,-0.17851051813353563,0.12955208584356942,0.7365186781113982
Prot_0726,-0.021532865699046413,0.871352761324093,0.9828708778960596
Prot_0727,-0.13147966103220807,0.25072248558924265,0.854185736699996
Prot_0728,0.03348547930495508,0.8023401394804656,0.9828708778960596
Prot_0729,-0.1486758156261046,0.21839253112412832,0.8179495547720161
Prot_0730,0.1692122668958339,0.13977013606834343,0.7365186781113982
Prot_0731,-0.15163278704001681,0.20617666614203328,0.795492853974735
Prot_0732,-0.07717704002971264,0.47790639465914964,0.952921744353336
Prot_0733,-0.0920675634505825,0.4288182004409191,0.952921744353336
Prot_0734,-0.07699266891157115,0.5151220430274535,0.952921744353336
Prot_0735,0.07211492671036533,0.5582262521482737,0.952921744353336
Prot_0736,-0.18290877557376103,0.1654991192210037,0.7591702716559803
Prot_0737,-0.07844359718795951,0.5389495625364253,0.952921744353336
Prot_0738,0.059619990684282656,0.6194058153326046,0.952921744353336
Prot_0739,-0.08696537043771768,0.4608050924600049,0.952921744353336
Prot_0740,0.04459956685702005,0.7408191915438385,0.9668679189157481
Prot_0741,-0.20047767113442333,0.11281739267262329,0.7150433086507301
Prot_0742,-0.05176779610158703,0.6866854853171014,0.9548228080985511
Prot_0743,0.09740613982615226,0.4062804610395587,0.952921744353336
Prot_0744,0.03818722866264292,0.7370355907939048,0.9667579710504873
Prot_0745,-0.17538371657911087,0.15332328603943277,0.7562184384951435
Prot_0746,-0.033022651219103055,0.7674743065512928,0.9776742758615194
Prot_0747,-0.07216286518964227,0.5550533535081208,0.952921744353336
Prot_0748,0.0916127682149214,0.42327587910139974,0.952921744353336
Prot_0749,-0.1848881775765568,0.09504068878133154,0.6782411999669392
Prot_0750,-0.1944759556924934,0.07748454205550778,0.6672341945972964
Prot_0751,0.09007623077143427,0.4641540769506478,0.952921744353336
Prot_0752,0.009772270650936724,0.9324384991402431,0.9866600996670819
Prot_0753,0.010442923325306266,0.9333804542850594,0.9866600996670819
Prot_0754,-0.06319502165570569,0.56906485209739055,0.952921744353336
Prot_0755,0.22052881114012668,0.05312211668373483,0.5934585724526277
Prot_0756,-0.15286989645394633,0.18807153302018287,0.7836313875840953
Prot_0757,0.13599993031732252,0.2458294961303711,0.854185736699996
Prot_0758,-0.05408144251230847,0.6386436896094618,0.952921744353336
Prot_0759,0.004276747683931824,0.970289022634496,0.9886285743849278
Prot_0760,0.049341776072131936,0.6840724429758678,0.9548228080985511
Prot_0761,0.18479389229408225,0.1111586589911791,0.7150433086507301
Prot_0762,-0.21476370548479468,0.07312604945943837,0.6672341945972964
Prot_0763,-0.06475607196031073,0.5994093029427179,0.952921744353336
Prot_0764,0.14125097286047167,0.3006028424994896,0.8946513169627667
Prot_0765,-0.06014411296725295,0.6282001954081737,0.952921744353336
Prot_0766,0.07827226380718334,0.4979288801105787,0.952921744353336
Prot_0767,-0.16261978938034508,0.19201805645059972,0.7854067974783007
Prot_0768,0.05570893115887663,0.5970054240008353,0.952921744353336
Prot_0769,0.02008170078509213,0.8357827292164635,0.9828708778960596
Prot_0770,0.04160441519184843,0.6900176514078926,0.9557031182934802
Prot_0771,0.014950803374477054,0.9005182115006123,0.9866600996670819
Prot_0772,-0.09052406914560192,0.48543828900590635,0.952921744353336
Prot_0773,0.021423191626115785,0.8574479700449349,0.9828708778960596
Prot_0774,-0.225534480779498,0.09431007354877805,0.6782411999669392
Prot_0775,0.02615324587489591,0.8371702258816112,0.9828708778960596
Prot_0776,0.07172602969016356,0.49761592007992594,0.952921744353336
Prot_0777,0.21094169843858757,0.09531816025405705,0.6782411999669392
Prot_0778,0.057372450029590114,0.6392688064879661,0.952921744353336
Prot_0779,0.020843305710746773,0.8585164528116223,0.9828708778960596
Prot_0780,-0.08442935297181739,0.49323555091551974,0.952921744353336
Prot_0781,-0.06159930192208013,0.5909591072102519,0.952921744353336
Prot_0782,0.17596076429047114,0.12175679396044019,0.7349391313227774
Prot_0783,-0.07111084312885536,0.5993357955908818,0.952921744353336
Prot_0784,0.10314691823913955,0.3577579499242436,0.9428041766419935
Prot_0785,0.07699641386199758,0.5177630960617832,0.952921744353336
Prot_0786,0.22436283862684686,0.06322830437037373,0.6300728693823437
Prot_0787,-0.003789932243403163,0.9718447102196835,0.9886285743849278
Prot_0788,-0.17988148212941704,0.09323520129649471,0.6782411999669392
Prot_0789,-0.15612073255351525,0.19735776826071452,0.7854067974783007
Prot_0790,-0.09323675122194566,0.43952561612831975,0.952921744353336
Prot_0791,-0.030544320596038052,0.8052000483774854,0.9828708778960596
Prot_0792,-0.053182056791572785,0.6452490448672932,0.952921744353336
Prot_0793,-0.09262987599907883,0.4303431628792648,0.952921744353336
Prot_0794,0.07971156155827208,0.5366615010434865,0.952921744353336
Prot_0795,-0.06175667098150541,0.5765074844511963,0.952921744353336
Prot_0796,0.1000968775727824,0.4551043652590656,0.952921744353336
Prot_0797,-0.12804845995873376,0.3585602773750488,0.9428041766419935
Prot_0798,0.1266132844676242,0.20440615106419444,0.795492853974735
Prot_0799,0.1846340565293276,0.09624590222143102,0.6782411999669392
Prot_0800,0.24853197945268152,0.01909676881526791,0.3978493503180814
Prot_0801,-0.11011312904815652,0.3140769291598575,0.9160270629647957
Prot_0802,-0.13147782961438279,0.2916372596962341,0.8864354398061828
Prot_0803,0.11100144448485562,0.4305921347334519,0.952921744353336
Prot_0804,0.19850526502743415,0.09063770842945652,0.6782411999669392
Prot_0805,-0.02463950626401723,0.8324388137350562,0.9828708778960596
Prot_0806,0.23602604361948412,0.06426743267699905,0.6300728693823437
Prot_0807,0.08049675355433428,0.5198582258665669,0.952921744353336
Prot_0808,-0.08583793253748147,0.4409967595048123,0.952921744353336
Prot_0809,0.06281699173710277,0.6086165203680022,0.952921744353336
Prot_0810,-0.102688995506937,0.3935610375561761,0.952921744353336
Prot_0811,0.1578747968871826,0.23058576833680194,0.8327781954273995
Prot_0812,0.041058121069430645,0.7204093890158827,0.9667579710504873
Prot_0813,0.2495604206983947,0.04032489172395568,0.5609023201739638
Prot_0814,0.16064963321316558,0.1781806143070531,0.7647236665538759
Prot_0815,0.09495090253171772,0.38878720698665414,0.952921744353336
Prot_0816,-0.12972128950667083,0.2580469711171324,0.854185736699996
Prot_0817,0.10309931366281015,0.4474971216786313,0.952921744353336
Prot_0818,-0.0029917910143163065,0.9818519738314117,0.9904543015001772
Prot_0819,0.21497272341042442,0.0714025870225707,0.6672341945972964
Prot_0820,-0.10645762000405824,0.3840943919265104,0.952921744353336
Prot_0821,0.22627493765571163,0.05094989464878429,0.5924406354509801
Prot_0822,-0.14797499949221554,0.25180229052012015,0.854185736699996
Prot_0823,-0.04261488053046373,0.6765208508257321,0.952921744353336
Prot_0824,0.062076751157939654,0.6324506797451793,0.952921744353336
Prot_0825,-0.024081607131669593,0.8388597784344606,0.9828708778960596
Prot_0826,-0.0677011755053061,0.5736249603007852,0.952921744353336
Prot_0827,-0.05450069905486487,0.676015750258343,0.952921744353336
Prot_0828,-0.1350525434231055,0.24174719180067708,0.854185736699996
Prot_0829,-0.08293436875279361,0.5077597531036788,0.952921744353336
Prot_0830,-0.16005043942013075,0.19643724599277418,0.7854067974783007
Prot_0831,0.04894911679851539,0.6474358060976191,0.952921744353336
Prot_0832,-0.2868070910299469,0.008829242948340796,0.312397446137297
Prot_0833,-0.1596186634368965,0.19797202832436503,0.7854067974783007
Prot_0834,-0.005734202651389966,0.9645561270114681,0.9886285743849278
Prot_0835,0.23517400680611347,0.04405910000370925,0.5609023201739638
Prot_0836,-0.04134398790502163,0.7216338228166553,0.9667579710504873
Prot_0837,-0.10223210652713721,0.3730173487279006,0.9521919003895115
Prot_0838,-3.1744729270042146e-4,0.9977913865620391,0.9977913865620391
Prot_0839,-0.01625092596526936,0.8986156129334388,0.9866600996670819
Prot_0840,0.026674001093144228,0.8403055426448207,0.9828708778960596
Prot_0841,-0.05687145074455352,0.6337532390030332,0.952921744353336
Prot_0842,0.06704487340732808,0.6388750775308868,0.952921744353336
Prot_0843,0.08867548825056923,0.4719821121748061,0.952921744353336
Prot_0844,0.09805236109179415,0.48534860244781586,0.952921744353336
Prot_0845,-0.07366777370558848,0.5049704359092226,0.952921744353336
Prot_0846,-0.1413037565890213,0.2638600602244784,0.8597259117838113
Prot_0847,-0.24256021437767683,0.06335288508474694,0.6300728693823437
Prot_0848,0.22369049140233013,0.05778216107516481,0.6248219903993975
Prot_0849,-0.02438820795501812,0.8464446427256773,0.9828708778960596
Prot_0850,0.1045452313726082,0.34571296779557115,0.9428041766419935
Prot_0851,0.1981978080229604,0.07397300372204026,0.6672341945972964
Prot_0852,-0.06321045032300657,0.5983711831491834,0.952921744353336
Prot_0853,-0.12051380867022925,0.2660620798318145,0.8638379215318653
Prot_0854,0.016527903901232977,0.8731325183934492,0.9828708778960596
Prot_0855,-0.15319201781645936,0.21746418457537006,0.8175345284788348
Prot_0856,0.2519645782493114,0.023542414104788384,0.43597063157015525
Prot_0857,-0.06192066642545972,0.560373077378255,0.952921744353336
Prot_0858,-0.04452560139461993,0.6837771715057098,0.9548228080985511
Prot_0859,-0.05349980098102928,0.6228120319100956,0.952921744353336
Prot_0860,-0.02908865058926805,0.7886464695689941,0.9828708778960596
Prot_0861,0.11216095777968187,0.34048241924958567,0.9428041766419935
Prot_0862,0.06579163510719824,0.5847878323204522,0.952921744353336
Prot_0863,0.0076763752512577395,0.9494101392948466,0.9886285743849278
Prot_0864,0.0030522603615920256,0.9772480597355032,0.9886285743849278
Prot_0865,-0.015854051661879563,0.8761326275438772,0.9828708778960596
Prot_0866,0.32603925028676894,0.012009766883656146,0.34706879890252096
Prot_0867,0.18335969024855558,0.08161661064601437,0.6672341945972964
Prot_0868,0.15517557936018,0.14857114071181182,0.7562184384951435
Prot_0869,-0.010775543834698196,0.9241175992389289,0.9866600996670819
Prot_0870,0.25891588825931017,0.013929745257051158,0.34824363142627895
Prot_0871,0.0636047950720339,0.5387748270217109,0.952921744353336
Prot_0872,0.11901082501054006,0.2787606938175312,0.8738579743496276
Prot_0873,-0.057461738264898546,0.600862843265846,0.952921744353336
Prot_0874,-0.012404158789320566,0.9160909879174292,0.9866600996670819
Prot_0875,0.12043698381880037,0.2348623257138653,0.8418004505873309
Prot_0876,-0.09755344197398903,0.3744631907779823,0.9521919003895115
Prot_0877,0.04067443362518793,0.7215360214802635,0.9667579710504873
Prot_0878,0.0820965113650746,0.47501703392371164,0.952921744353336
Prot_0879,-0.036189541515182506,0.7371040717745625,0.9667579710504873
Prot_0880,-0.0015662851522938955,0.9873094990218925,0.9932691137041171
Prot_0881,0.22086213809875696,0.034450579657537554,0.5556545106054445
Prot_0882,0.07496132919864641,0.5049858440376901,0.952921744353336
Prot_0883,0.2671581691410104,0.01687098870692897,0.3749108601539771
Prot_0884,0.12274761860612189,0.31938412239630054,0.9218694730966248
Prot_0885,0.04903627223137939,0.6668075295261087,0.952921744353336
Prot_0886,0.09248637374932821,0.3899461764733284,0.952921744353336
Prot_0887,-0.020540592267751588,0.8572455117071092,0.9828708778960596
Prot_0888,-0.11640211067911209,0.2862099566725895,0.8780156541652148
Prot_0889,0.1562554156526589,0.16878357696100232,0.760578150323318
Prot_0890,-0.08248618976061771,0.49129488710965086,0.952921744353336
Prot_0891,0.11415854197409912,0.2811370331280445,0.8748224623110568
Prot_0892,0.02459612289462903,0.8396092556246941,0.9828708778960596
Prot_0893,-0.005154438557867432,0.9616353984729711,0.9886285743849278
Prot_0894,-0.04773450181471817,0.6878580006968915,0.9548228080985511
Prot_0895,0.10418980247596607,0.35779397870561036,0.9428041766419935
Prot_0896,0.0645730308211729,0.5838458879079791,0.952921744353336
Prot_0897,-0.08919410490512454,0.4305673519886217,0.952921744353336
Prot_0898,-0.05533723725036441,0.5749242854760999,0.952921744353336
Prot_0899,-0.09877724321305265,0.4303681062143382,0.952921744353336
Prot_0900,0.05834558643949343,0.6183513315243789,0.952921744353336
Prot_0901,0.0722979118949122,0.5454546791756335,0.952921744353336
Prot_0902,0.2108886644458765,0.06756376214044721,0.6452199167979191
Prot_0903,-0.06340643153888204,0.5461464571856123,0.952921744353336
Prot_0904,-0.1969259906780374,0.08725448029541581,0.6728874674406514
Prot_0905,-0.16064388480171046,0.1713380090427858,0.7615022624123813
Prot_0906,0.027893689931231515,0.8108629342294668,0.9828708778960596
Prot_0907,0.06880349804533917,0.5144244567873065,0.952921744353336
Prot_0908,-0.03241189222541782,0.75918011104727,0.9735452948176645
Prot_0909,0.005766416796509304,0.9605097737597397,0.9886285743849278
Prot_0910,-0.20830676941787832,0.07527330993522148,0.6672341945972964
Prot_0911,-0.03381727758644097,0.7403446771765103,0.9668679189157481
Prot_0912,-0.02693824759342314,0.8356005245840028,0.9828708778960596
Prot_0913,0.021328813396678033,0.8585962731910267,0.9828708778960596
Prot_0914,-0.14334842257913794,0.2165199822624893,0.8170565368395823
Prot_0915,0.04975246147230457,0.6523065925917733,0.952921744353336
Prot_0916,0.1443697092701465,0.23026995831675687,0.8327781954273995
Prot_0917,0.01865575437146908,0.8553885447246423,0.9828708778960596
Prot_0918,-0.09023966879733934,0.4772076672150657,0.952921744353336
Prot_0919,0.021336292396154786,0.8447151125357089,0.9828708778960596
Prot_0920,-0.018852524238163096,0.8689747440256008,0.9828708778960596
Prot_0921,-0.0657578883838281,0.621996996922961,0.952921744353336
Prot_0922,0.02226503861680015,0.8627218604810223,0.9828708778960596
Prot_0923,0.13126357323661192,0.2750348829151471,0.872174057936954
Prot_0924,-0.012778138399590785,0.9135349604805241,0.9866600996670819
Prot_0925,-0.18040652978346208,0.10200566885646757,0.7034873714239143
Prot_0926,-0.10812617119107505,0.3756991113576639,0.9521919003895115
Prot_0927,-0.08003699111702967,0.4717965608493666,0.952921744353336
Prot_0928,-0.0784989129056433,0.47797360530377697,0.952921744353336
Prot_0929,-0.06811239364589021,0.5838691439348822,0.952921744353336
Prot_0930,-0.005994456906636795,0.9601249117064291,0.9886285743849278
Prot_0931,-0.04546103125396527,0.7123384355522338,0.9652282324556013
Prot_0932,0.22393945292703812,0.04624662119235292,0.5609023201739638
Prot_0933,0.022333953224207496,0.8357222258659498,0.9828708778960596
Prot_0934,0.013098145722834041,0.9095960575493502,0.9866600996670819
Prot_0935,0.03925686525753302,0.702058362319611,0.9590961233874468
Prot_0936,-0.060542834655939556,0.5643590017681313,0.952921744353336
Prot_0937,-0.021907282234683235,0.8448278089332084,0.9828708778960596
Prot_0938,-0.01495077046023043,0.894138104368514,0.9866600996670819
Prot_0939,-0.02635124950639765,0.7809618656131877,0.9828708778960596
Prot_0940,0.06246213429948254,0.5329920924413922,0.952921744353336
Prot_0941,0.17089150509905415,0.16231718129381875,0.7591702716559803
Prot_0942,0.30335314617637066,0.014612582179760428,0.3564044434087909
Prot_0943,-0.08649258418247599,0.3936743240082857,0.952921744353336
Prot_0944,0.02940630377465635,0.804769400883917,0.9828708778960596
Prot_0945,0.08380121155427744,0.45717844002922337,0.952921744353336
Prot_0946,-0.04029398796049632,0.6932853136526469,0.9558454274763794
Prot_0947,-0.00738833363732228,0.9460491552977222,0.9886285743849278
Prot_0948,0.17848176069261315,0.13653721643425576,0.7365186781113982
Prot_0949,-0.011514666325346356,0.9269752243450983,0.9866600996670819
Prot_0950,-0.0353050556965726,0.7327024586085515,0.9667579710504873
Prot_0951,0.028820968464259033,0.7787003660510461,0.9828708778960596
Prot_0952,0.004810160082931489,0.9633569396779297,0.9886285743849278
Prot_0953,0.09572306143961393,0.36666340977298606,0.9450087880747065
Prot_0954,-0.1609730325906349,0.20547438672427046,0.795492853974735
Prot_0955,-0.10922983724375354,0.29926572073475377,0.8946513169627667
Prot_0956,-0.2151083583938485,0.08727704922522349,0.6728874674406514
Prot_0957,0.01149470394070739,0.919338692878298,0.9866600996670819
Prot_0958,-0.08163104680478775,0.44855954632079564,0.952921744353336
Prot_0959,-0.01630037265805494,0.8846516661666751,0.9861030815388838
Prot_0960,0.05064581789310251,0.6563665283526399,0.952921744353336
Prot_0961,-0.05555108294699115,0.5841555047561944,0.952921744353336
Prot_0962,-0.062125530932721905,0.567037671963001,0.952921744353336
Prot_0963,0.11793274252501655,0.28623310325786,0.8780156541652148
Prot_0964,0.15368727216217054,0.13704624530119702,0.7365186781113982
Prot_0965,0.07261847439387,0.5333964621047422,0.952921744353336
Prot_0966,-0.03010029679255209,0.7863640033585675,0.9828708778960596
Prot_0967,0.1410546056040563,0.23180613567346078,0.8338350204081323
Prot_0968,0.004114314466008789,0.9713168108307073,0.9886285743849278
Prot_0969,0.04990389162163008,0.6754130999543186,0.952921744353336
Prot_0970,-0.03300761911486552,0.7632206309035706,0.9743027890641304
Prot_0971,0.16092611482238736,0.12494235325496092,0.7365186781113982
Prot_0972,0.1369718838997055,0.2714356683779802,0.8707980488873697
Prot_0973,0.18911225384837196,0.1163130299038702,0.7315284899614478
Prot_0974,-0.12086002124170092,0.27640702285696905,0.872174057936954
Prot_0975,-0.20050096607426707,0.053818630744716725,0.5934585724526277
Prot_0976,-0.14432093276056782,0.16162066349834445,0.7591702716559803
Prot_0977,0.19473780853397418,0.08552925317125128,0.6728874674406514
Prot_0978,-0.07348914068216454,0.5042023786146894,0.952921744353336
Prot_0979,-0.003682841332017957,0.9717933333536992,0.9886285743849278
Prot_0980,-0.01563486365659932,0.8896364778587864,0.9866600996670819
Prot_0981,0.15458837124772648,0.13425019576132013,0.7365186781113982
Prot_0982,-0.021353047818638383,0.8419791532494113,0.9828708778960596
Prot_0983,0.1662432834843564,0.10101148978097842,0.7014686790345723
Prot_0984,0.04290711196148979,0.7350814263613388,0.9667579710504873
Prot_0985,0.14282690257654487,0.20097275277193272,0.7912313101257193
Prot_0986,0.14385703073728734,0.1419531208695956,0.7432100569088775
Prot_0987,-0.06646160656411375,0.5279535275588769,0.952921744353336
Prot_0988,-0.07292361355888521,0.5335072573625002,0.952921744353336
Prot_0989,0.2018512469953427,0.08405741432059677,0.6728874674406514
Prot_0990,-0.006629603913432254,0.949242494891241,0.9886285743849278
Prot_0991,0.06166876618084046,0.5935783532145384,0.952921744353336
Prot_0992,-0.03705063778052234,0.7447721146516815,0.9697553576193768
Prot_0993,0.032380882761847224,0.7718867585254198,0.9793547980619935
Prot_0994,0.22639445094025332,0.04483286774489012,0.5609023201739638
Prot_0995,-0.07509170658506996,0.4862873729498929,0.952921744353336
Prot_0996,-0.022766543305106277,0.8404865616537479,0.9828708778960596
Prot_0997,-0.28343322707324153,0.012231882834275782,0.34706879890252096
Prot_0998,0.15997498257473938,0.18180183770198444,0.7670963616117487
Prot_0999,0.010029773109666733,0.9287235318054077,0.9866600996670819
Prot_1000,0.06967205542941773,0.5287479860490474,0.952921744353336
